Date,Trend,Mean-reversion,Pair-Trading,Market-Making,Arbitrage
2024-01-01,-0.0186336558190251,0.001768099401036015,-9.996435500861877e-05,-0.01773640791842301,0.005857157104121346
2024-01-02,-0.007809744381782412,0.013524370835265725,-0.000683660623976263,-0.005443633360832847,0.0058328127942588875
2024-01-03,-0.007541914397835168,0.0109432695296808,-0.0048158215199247565,0.00477311275608329,-0.0018118609632348844
2024-01-04,0.009837718551133712,0.0020946931603803456,0.009500155638566219,-0.006388049159728851,-0.0023371963117326177
2024-01-05,-0.0061626445402773655,-0.011798370742192617,0.003247278890018369,-0.009184507302291731,-0.0007693321353932658
2024-01-06,-0.002020744588551226,0.002144009755595808,0.0031620903232525313,-0.00038570038996695895,0.0009059084529288284
2024-01-07,-0.014150125359139891,0.0014444484655479744,-0.0008496350613332217,0.005802370481810069,0.0037864423931098165
2024-01-08,-0.0018621253596097416,0.001969510447827623,0.002575189154964418,-0.000993608661953353,-0.001133937338383033
2024-01-09,-0.006283824908930994,0.012661877816094647,0.0016935727280883034,0.013753944070702804,0.002407027318247997
2024-01-10,0.013512625575195898,0.008975427810307928,0.0009920646496684585,0.01377918500066043,0.002686101786805829
2024-01-11,-0.00362857944318519,0.0015574559325745412,0.0022768134929865504,0.006683204072581917,0.00769509559416775
2024-01-12,-0.0072801493044870325,-0.0009347229297189905,-0.0001394735859786862,-0.007334739497918599,0.004600975331424736
2024-01-13,-0.000849041435106536,-0.0014956576808306612,-0.0011357652247535584,0.017539780255784416,0.0017823139573366663
2024-01-14,-0.00676175805463718,-0.0026233907694667284,0.0037361164025835024,0.00020345680801942627,-0.0008663584217089316
2024-01-15,0.013495859680816897,0.006816993074989726,0.008655515535377143,0.006644249775419063,0.002009216995623148
2024-01-16,0.018979891287119327,-0.03171845943714458,0.001775970442947386,0.016233895183652737,-0.00039196932997773485
2024-01-17,0.0018171562389684565,0.0052127658802645265,0.003720470634742829,-0.002759477732819407,0.0025934449711245903
2024-01-18,-0.005172635299102505,-0.0003271219315392424,0.0009666750883031101,-0.003819069231129389,-0.0002454909973050947
2024-01-19,-0.023837705639035162,-4.32449820506915e-05,0.00111436925841751,-0.0011326689011015333,0.005180009362844722
2024-01-20,0.009769847257917826,0.009311322239013818,0.0006596023192627058,0.010084790677310716,0.003998206449051254
2024-01-21,0.009550456347899463,0.006550579891812267,0.0004594853034484934,0.002909073973076328,0.004320597731747038
2024-01-22,0.004050877862500658,0.006809302676396375,0.008305343121696646,-0.011465187477133007,0.003044525273408785
2024-01-23,-0.013710086157076903,0.007349120990554378,4.768839166041013e-05,-0.0044359845363088546,-0.0009914164916782792
2024-01-24,0.004401657709700474,-0.001719705586256436,0.004296062633340463,-0.014753426883484381,-0.003446768157227087
2024-01-25,-0.013045915018287025,0.001892697903908013,-0.007955377014248642,-0.003908785523992558,0.003541178029625161
2024-01-26,-0.00768203952563756,-0.0007426057740477573,0.002594418734427039,0.014137485643287838,0.0066889718639207806
2024-01-27,0.0016100310879551278,-0.012797855523358848,0.006965495902657014,0.006376559056223547,-0.007470891092632099
2024-01-28,0.014521968983364964,0.0029778533477729584,0.0032303917992470544,-0.0034675856975714676,0.0012574858011918527
2024-01-29,0.010267129006615475,0.0028168511726758116,0.002973883829823632,-0.003611818652880539,0.0013221527992006285
2024-01-30,-0.0035816337858699926,0.0025702777644183417,0.0015230292570827964,0.002722733708224933,-0.0003397489684960578
2024-01-31,0.0015107783614888195,0.007765019123758251,0.007244923718033497,0.010187897636646865,0.005286445062727146
2024-02-01,-0.002068519539707023,0.0006618670697763896,0.003661313781681277,-0.0008086746079748302,-0.0031917965529789957
2024-02-02,-0.016829177165626857,-0.008094787851056294,-0.0010542224463514413,0.0015361110342096392,0.0007028102564084638
2024-02-03,-0.012458760624454474,0.0019120471065328572,-0.003381087934976597,-0.0052747336748818876,0.001781075551600321
2024-02-04,0.0042287823519493424,-0.015798616563885273,0.008490836107878881,0.008055773919462014,0.0004472515995737232
2024-02-05,0.01622114601211935,0.0026224955011138287,0.0035882362948913226,0.015987389853732388,2.761347457030143e-05
2024-02-06,-0.014103742921919056,0.0019043845255286261,0.0024284877070847332,0.005887516625684729,0.0013727134677896694
2024-02-07,-0.0006516935288379938,-0.0060862233412266155,0.0008724983226245962,-0.006007014205336616,0.0005626807965891
2024-02-08,0.0070849950785155805,0.01096356147879597,0.0030598597524958532,0.0033333083274131284,0.00038817795810408735
2024-02-09,-0.007298154997640652,0.0030963265171609915,0.0016999952452773335,0.004434439593095065,0.0012903353896253893
2024-02-10,-0.00770814020639327,-0.0003533357336637938,-0.0005461814345242283,0.002467817800584282,0.005700767989311766
2024-02-11,0.0011760292600937357,-0.0022486967170668583,0.0001837325925738416,0.010112300796970267,0.0018532908355281194
2024-02-12,-0.0012736337376731916,0.009316082347242785,-0.0009511238002098132,0.023354823924842977,-0.0066250071230418055
2024-02-13,-0.019830446408486507,-0.0010100238204825375,0.0044424815184449535,-0.005193876168868066,0.007541112067331199
2024-02-14,0.02349989132323939,0.006104820543963995,-0.000847441184515239,-0.0060219066297352115,0.004385736403082049
2024-02-15,0.010720771479358612,0.005390062165512496,0.0013504418539988985,0.0031669641902171875,-0.005423831409864947
2024-02-16,0.02575135965921338,-0.0016430268368046513,-0.004043340537538528,-0.005976330131403027,0.0008440701605735118
2024-02-17,-0.023178116882835886,0.0019654079911270604,-0.006233189925231932,-0.004758880327247197,-0.004314415928250662
2024-02-18,-0.01479324165282031,-0.000310659133071096,-0.001561695283816414,-0.0008901953459623833,0.00035510131094808957
2024-02-19,-0.006440041947366526,-0.005052404614491576,-0.00019235415993127964,0.003773490304974163,0.0023315029981652003
2024-02-20,-0.0033148322645629607,-0.012202887222709435,0.008424821872655917,0.012045624071850447,0.0016145265085116527
2024-02-21,0.009838086409054371,-0.002434889855158077,0.0025847579963027795,0.0043273493195715,-0.006760126994853133
2024-02-22,0.00886740969825933,-0.0062441537135561566,-0.0006442921491690701,0.002146408083249568,0.0013804486066370403
2024-02-23,-0.005803658985095887,-0.00013061801394571222,0.0004697845373726501,-0.001995744238441464,0.0025298921637691534
2024-02-24,-0.00489425047914929,0.0022959914201856183,0.003744298213316759,0.0053369553105775125,0.0035648575973115434
2024-02-25,0.012579058180968564,-0.010471760350107634,0.0032274626219353808,-4.1032619003144914e-05,0.004373556559476532
2024-02-26,0.007884992095492779,0.00208946848826648,-0.0006171361799738091,0.006048803397432294,-0.00043720929902547526
2024-02-27,-0.0031967653132419656,-0.005104133024467946,-0.0028050407772400743,-0.0039961807356642945,-0.005038378654326484
2024-02-28,0.003613647449783095,0.0014118825624165482,0.0030220854904673493,0.014635002190736879,0.011646916052580891
2024-02-29,0.022086540246608055,-0.002048456328252885,-0.0036620695622764585,0.02031090379088534,0.004003162690341765
2024-03-01,0.0022492305491626195,-0.007823940256054868,0.006068235758730491,-0.008745083278300987,-0.003968044542092353
2024-03-02,-0.012395808300871974,0.00039688969884550587,0.0024525759216001437,0.008854040309249018,0.000932904412934975
2024-03-03,0.0143819380417671,0.004145500992160929,0.005099493354651281,0.003752968804883373,0.0020658075418986182
2024-03-04,0.031214313285625715,-0.0042383912913282855,-0.00679211935263951,0.007532507946642492,-0.003557027678094777
2024-03-05,0.019053566038501665,0.005350037629870603,-0.006190330826051071,0.0010872587937784544,0.000301103139586855
2024-03-06,-0.0005159674207055528,0.005092577063781529,0.0004235487497413068,0.004599226098685582,0.007564572703579974
2024-03-07,0.004599824389178913,-0.0015274332283908064,-0.0019846361326127447,0.004307929573058494,-0.007895025177904252
2024-03-08,0.0057906624468537365,-0.006412002081653806,-0.0021795436877134933,-0.012689080987423667,0.004388935787036307
2024-03-09,0.01358813836625431,0.005511140231892766,-0.01127180208014545,6.72253996344153e-06,0.0029521729869577337
2024-03-10,-0.015238629752520202,0.01281207012921016,-0.00363799867341178,0.005514726416585087,0.00437032896621287
2024-03-11,0.006804818731409125,0.004066559758543179,-0.0019418273983777348,0.010954019133777635,0.003934991699640391
2024-03-12,-0.007162559152228027,-0.0005111996196026881,-0.0005378337146437956,-0.001727019531241343,-0.002032641406639298
2024-03-13,-0.0003565764484913918,0.006030849329043949,-0.003944788192557693,0.011416216944090502,-0.01080912662862706
2024-03-14,-0.0006664049853955488,-0.0016362794587023017,-0.0019983164069453593,-0.009465931590210716,0.0028283398351668793
2024-03-15,-0.008858377884130506,0.006627197356877382,0.00310352296100655,-0.009262275943217697,0.0015586012214395914
2024-03-16,-0.020526021491324795,-0.014456610801456285,0.0008513011196973584,0.007283043849776944,0.0013785339544817587
2024-03-17,-0.0006783609530606593,-0.0005243452734391751,-0.004108696595665156,0.0025026133777165415,0.00556431114775792
2024-03-18,-0.008501535290281548,0.003265894563476783,-0.002525068842807647,-0.0014008456395520827,-0.0025381595459259775
2024-03-19,-0.02622601822227254,-0.0017865907906363023,-0.006072347192663099,0.00841771867673431,-0.0017016151088679096
2024-03-20,-0.00660953679697233,-0.011125877324783921,-0.00015958386432579218,-0.006489719816172662,0.0030611843443057187
2024-03-21,0.024044609236272784,-0.0030972044202300275,0.009266192330675344,0.0013616302206697591,-0.0017235122148364604
2024-03-22,-0.010966919339158582,0.0039832313708881755,-0.0033526932669923986,-0.0013744662436648784,-0.003244795250778072
2024-03-23,-0.013451229698715546,0.008398376271883059,0.003925695669725754,0.008703650615204424,0.004537389019018436
2024-03-24,-0.002935948968806492,0.0047045536399429565,0.00390532810372164,-0.007318468483510819,-0.0017043948116298923
2024-03-25,-0.008816402552410759,0.00011306497334880501,-0.0002563895453988811,0.022413075134296873,-0.0024799901784885265
2024-03-26,0.011980206640037927,0.007794829749313161,-0.0006095850495322491,0.009768079501682476,-0.0010347375146312484
2024-03-27,-0.008584808562854346,-0.008226698852758004,-0.00433205874177133,0.0030143860073850227,0.003993616190749504
2024-03-28,-0.022133626175692398,-0.003463496280589279,0.0014374054239633689,0.006167599891928392,0.00769279219402151
2024-03-29,-0.0036603532084654136,0.005541048458692351,0.0055533983264205765,-0.00458562547282633,0.004708442695904118
2024-03-30,-0.01701514824107686,-0.0026962135960513257,-0.00188513621274159,0.001846150510355492,-0.0018447814194091441
2024-03-31,0.024123828648021265,-0.0003483160607809117,-0.0021984311745173028,-0.0016989166004332025,0.004771056457589767
2024-04-01,0.004203474791341384,0.004777691273269372,-0.00012179067412687406,-0.009607368773461295,-0.006641325971934546
2024-04-02,-0.012569630445276437,-0.00519159723959352,-0.0007234253739002126,-0.005029701237185547,-0.0008454484312915761
2024-04-03,0.0039470017857314065,-0.0031701202260694737,0.008829988514996591,-0.00829795897648017,-0.002802308752299134
2024-04-04,0.0026531047507359165,0.006966967110392305,-0.000991864617105312,0.011070711643116751,0.004048317264325598
2024-04-05,-0.012099252948129103,0.006884205310680544,-0.004830392604039036,-0.004181929138812401,-0.004420191017778568
2024-04-06,-0.01645326175508798,-0.0010697447336484266,-0.00491368634959985,0.005055101523135929,-0.005213916404919646
2024-04-07,-0.025821512494541368,0.01091853619546021,-0.0018194601888289698,0.0072208932821245415,0.0051695071492165595
2024-04-08,-0.008331790506324958,-0.005125467181483159,-0.008450104851635346,0.025191123035864793,0.0036729723405267856
2024-04-09,-0.014740693451695692,-0.004667582887121231,-0.0002997415539527388,0.006946329478907002,0.0025519305891577816
2024-04-10,0.004385811132404997,-0.004152192840890724,0.0009881834470676085,0.008808645187551914,0.0016805828409050332
2024-04-11,0.011604414586382969,0.0035061813720528787,0.004992826880691438,0.0064799338811823495,-0.0015679168664820182
2024-04-12,-0.0058820105500804925,-0.0065822309318166565,-0.002051811570844094,0.0046307341749294165,0.005037097689487139
2024-04-13,-0.010335918642466739,0.01090625917598762,-0.002165383433238813,0.004746869028009221,0.006417860445845513
2024-04-14,-0.01970179580832945,0.00020539374246476955,0.003380656499220785,0.0017974868319780475,0.0010553949004352664
2024-04-15,-0.0037504996562643385,-0.004097266259654728,-0.00520847772645229,-0.006342553136803579,-0.0065277205169904755
2024-04-16,-0.014791477609265675,0.009864945006407364,-0.0047786198655731535,0.004269790004419772,0.00035690953986179533
2024-04-17,-0.00042158958782678263,-0.002719718505760617,0.015669814957892266,0.013128192918273511,0.0029179843605483483
2024-04-18,-0.01289328763398293,0.0044030604774418745,0.006238448807497017,-2.3552382746158658e-05,0.0005219305387931691
2024-04-19,-0.009789143604045621,-0.005238218795258052,0.00019480579483261394,-0.005388201199818109,0.003666268953837412
2024-04-20,0.003250248219792218,-0.0017323194231884354,0.0037800207711183574,0.01384359773728032,0.00143747894601131
2024-04-21,0.004877631816053294,0.0015882899572275584,-0.003614386081079201,0.0015948208462216956,0.0029531273630459217
2024-04-22,0.009693211667716735,0.010957239750173023,0.005339911415106073,-0.0009584449395946799,-0.0006642492271532091
2024-04-23,0.010566491321824911,0.011136387388992282,-0.0013211869773171864,0.0030132248923188886,-0.0009224795740848932
2024-04-24,-0.008734020457562245,-0.00413654002291653,-0.0016024327246675907,0.01624931541029249,-0.007096646919322185
2024-04-25,0.013588332616903884,0.0028839185591174586,0.0013603532252163852,0.000834491670581501,-0.0019010604752471006
2024-04-26,-0.007112611933861775,0.0018959003805793593,-0.0043362805561647,0.008540321214845463,-0.003801580282174598
2024-04-27,-0.010666571813033604,0.005451192007322144,-0.0031725844444688914,0.0005970358387864825,0.009488460308500146
2024-04-28,-0.0032676734106271837,0.011976121895049445,0.0017225442913575391,-0.0008492481026244576,0.0005067418803485826
2024-04-29,0.002631251342967818,0.00782005443102514,-0.001786058867831524,0.005440755961586997,-0.0028863728292907436
2024-04-30,-0.009169883600811923,0.011128825885300953,-0.003586990416111005,-0.014405658196331389,-0.0014576847045245937
2024-05-01,0.007711357612679601,-0.012614515505185409,-0.0013168663018754932,-0.0015988878875185318,0.0012973347593944178
2024-05-02,0.012678411846134538,-0.009537441864822574,0.00549275978697097,-0.0017219433588970153,-0.0002582096727142419
2024-05-03,-0.008980999012569215,-0.0007337710229633086,0.00406765960673205,0.006134634206902398,-0.0014463767252340606
2024-05-04,-0.004904487890493514,0.002692105316883395,0.007608055097957808,-0.0014380765299451769,-0.0018945618613451256
2024-05-05,-0.004171550553750898,-0.000469439592514812,-0.0006707342756101655,-0.0008804728390747523,0.005260076227743067
2024-05-06,0.016934076919434115,-0.0006321124306807873,0.00392459873758999,0.0069534356070635175,0.001304038209874201
2024-05-07,-0.004533947213144511,-0.00138232855638243,-0.003045676967131624,-0.004869287035425259,0.0008327827468101915
2024-05-08,0.0012816682477783034,0.0007409323735464886,-0.006314774351560806,0.005594365086914264,0.001035515378625116
2024-05-09,-0.000378033991327672,-0.005427320084622285,-0.002385678369811194,0.0031236608555722904,-0.00791494535012765
2024-05-10,-0.011464323163728514,5.425554660575156e-05,-0.0036863658417177606,-0.007087105794545595,-0.0027760746077746903
2024-05-11,-0.006250017850309396,0.0005524654125793607,0.0065805567003886485,0.0001667947035189256,0.0005291489560284761
2024-05-12,0.007856624263906488,0.0004076712506941062,0.0030459167654089945,-0.0009159953278913072,0.0010388723845489297
2024-05-13,-0.020719617249144038,-0.0015650483360644368,-0.0025594906708837624,0.0030660782302573664,0.0034073446861618297
2024-05-14,-0.003914101972579139,0.0013734650982328022,0.00015461081155783177,0.002690194065242717,0.006279749660845533
2024-05-15,0.006657973519700748,0.002849351677906458,-0.0016693919800101053,-0.005828626924214847,-0.0025219856101760365
2024-05-16,0.01208274417283225,-0.0050445202071722475,0.0004131073608670442,0.01168250476966852,0.004610262801523691
2024-05-17,-0.009387617926492805,-0.0053400865554102984,-0.0009397106389508257,0.0003773814000177268,0.00020232654100617642
2024-05-18,0.013269935412852164,-0.0005292268537111235,0.0004021276757834342,0.015268454612772592,0.00728796170921319
2024-05-19,-0.02365324418288908,-0.0010284994224405973,0.001370204701419734,0.019112887760837513,0.0035989504800058095
2024-05-20,0.0032305339638163707,0.009700976575497301,0.0015456268612760215,-0.008677231438698549,-0.003542242664386113
2024-05-21,-0.019197803620408703,0.002230659591827613,0.0033476846771758034,0.0036159176865933882,-0.0024929706030520416
2024-05-22,0.004758740560568285,0.008666004063427405,-0.005659462858297844,0.015976442342251557,0.0017781594132070908
2024-05-23,0.001147780548901126,0.005009063411735469,-0.00048271237247438786,0.005911282364732426,-0.0036271487519954834
2024-05-24,-0.0005062027172891385,-0.007076007152566646,0.0021027160114880194,0.015413804598009381,0.0006411991772804722
2024-05-25,0.01716213937942399,-0.014105272768799327,0.003326081495531298,0.004628274009623163,-0.00468742930998598
2024-05-26,-0.009334632342544618,0.008332153304490773,0.00015652258995989556,0.0030427355231630146,0.0040894070960116454
2024-05-27,-0.0003386563401120392,0.006172417420859006,-0.009079112967456782,0.014551826107086873,0.004515717507903461
2024-05-28,-0.010935581467020478,0.014109602702099119,-0.0035222863230602135,0.0075681703894381796,-0.0038196789197794214
2024-05-29,-0.006554384865361887,0.003257223892616746,-0.00294068758393155,-0.010445617277211354,0.002831464707852399
2024-05-30,0.0005761408849395943,0.0026453740719389225,-0.006895975840938494,-0.005315828982728615,-0.0017859334587692413
2024-05-31,0.009426918292424516,0.005204397268637811,0.002788497347988656,0.004338738222007859,0.0045407121443886604
2024-06-01,0.010625302345445993,0.008053933928312025,0.005996565945878579,-0.0003184429731347011,-0.0007475758668463369
2024-06-02,-0.0008635029550273532,-0.0008476999889319425,-0.0064141152076987494,-0.0024650654780443517,-0.0009678918523813949
2024-06-03,-0.002940277129948829,0.00010211867188761557,-0.008404292148209598,-0.009283519849707074,5.3157468022124316e-06
2024-06-04,0.005312415465552039,-0.002654389482232171,0.0020239474883284136,0.0055110960768447945,-0.002646021191154867
2024-06-05,-0.015497480677336006,0.0029652297736904505,-0.0018333590227780797,0.007129121274491712,-0.0027965569331680987
2024-06-06,-0.01622021596521187,-1.8974512012526142e-05,0.001148667675448327,0.005417988403586315,-0.0011004826092926101
2024-06-07,0.0046528263837466,-0.002179720337597741,0.0008147482633491522,0.0026647206581602175,0.00023558659722225264
2024-06-08,0.0065128182674860065,0.005394363119677051,-0.0035586509933983757,0.0032721035925524847,0.0002295202356834983
2024-06-09,-0.005294243905631404,0.003076321741861916,-0.00604587044158958,0.005381372360105406,-0.0036166347769098447
2024-06-10,-0.024670134885021316,0.005944734039042362,0.0062349882852341205,-0.005061650503451081,-0.0008812772974324395
2024-06-11,-0.006842167882967633,-0.000280175925915567,0.010641897901899988,0.008161027394538356,-0.0002551113074739618
2024-06-12,-0.014295422302248244,0.0029763848597433944,0.0028511873808787715,0.004877611147263892,0.0013332473917169654
2024-06-13,0.0046378877183318136,0.006226817111098823,0.0010118167551035884,-0.00227940038808451,-0.005761335594146307
2024-06-14,-0.003848968263499255,-0.00244062805802125,0.007169096390385498,4.0844045924276484e-05,-0.002063892510262964
2024-06-15,-0.018063151879197742,0.011518003596792089,-0.0008945230408180376,9.139065249386355e-06,0.0028508051651015207
2024-06-16,0.016942769317269218,0.006758517368030434,0.005491981764146128,-0.0017781065935654537,0.000876505688631663
2024-06-17,0.004203039199422196,0.008132118831774131,0.006617824170826993,0.0013519401735762298,0.005700254387234542
2024-06-18,-0.03218648856897619,0.009214578573336523,-0.0004633272026620478,-0.002100072263902009,0.00394983151292515
2024-06-19,0.00024643615705178135,-0.0013378477924198082,0.00014360242652848953,0.0035683007585253883,0.006178926248706268
2024-06-20,-0.004657105740406369,0.005383774093175637,-0.001600404185409374,0.007012219380286751,0.0005254639018536343
2024-06-21,-0.011096145691462918,-0.0054675232098281,0.0013843127970176413,0.0053659930887890615,0.0009206638468181374
2024-06-22,-0.022710841362015424,-0.00814012073202219,0.002625155344805201,0.011981912654654274,0.008914421000047636
2024-06-23,0.013460614116124673,0.0028737781353629414,-0.0021129327426791817,0.0008374496331505888,0.0012089044079761299
2024-06-24,0.02988932934183595,-0.0048442190088843476,-0.00029651381449614353,0.01538808156410971,-0.001532046607305535
2024-06-25,-0.0030439462385551297,0.004850956083558161,-0.00608350754269045,-0.004956234201000852,0.0009002096945283744
2024-06-26,-0.004775789220420331,-5.0825980658505215e-05,-0.008879210319372147,-0.002588587876096765,0.009548267778088109
2024-06-27,-0.0027499634482975785,0.007993866600791176,0.0033819630854307076,0.014171704916796765,0.008701502821183758
2024-06-28,-0.008233977253617417,0.004533356368187684,-0.0029172185350208255,0.003936252929898695,-0.001927576862770763
2024-06-29,-0.009120351732107968,-0.008845418049269393,-0.008997023184981712,0.007498495090364105,-0.007205804223056241
2024-06-30,0.0017274480229595782,0.004168670225940581,0.009382423583438769,0.002869553853711468,8.023375992779229e-05
2024-07-01,-0.014893237514014406,-0.00586735144783514,0.00948388655180558,0.007193095721736066,-0.0002059811901670127
2024-07-02,-0.006649730383643654,0.0049299228582538905,-9.80716609401929e-05,-0.007728399377481485,0.0020859223072817964
2024-07-03,-0.009323461734792999,0.004827658584633087,0.006178686432257756,0.002076856890870296,-0.0012305666251596454
2024-07-04,0.0018786810754297615,0.002858711017016499,0.006327348932679565,0.008457858810783881,-0.000287994076212244
2024-07-05,-0.009616611679686742,-0.010961100521390876,0.0034611432654736867,-0.01498574183227276,0.0022621030082024232
2024-07-06,0.0022794046365664533,0.0021143685958538187,-0.002933147449967557,-0.0023213711366914763,0.0016284881561674947
2024-07-07,0.004048281699428184,-0.003621203545167893,0.005737000683836512,0.00027038592989151047,0.0014280783269279243
2024-07-08,-0.01227486010234616,-0.0022900565788475245,0.001988751187025633,-0.0037753219702162995,-0.002873252712304751
2024-07-09,0.00938474937633394,0.0007675047041501978,-0.001752915161739245,-0.003915889721481071,-0.0012061881925628914
2024-07-10,0.0018539855025888382,-0.00825677893734529,0.004685149458790598,0.0036415208933696878,0.00037360549691320297
2024-07-11,0.005154334438902352,0.0010679225610433346,-0.005435136683322974,-0.0017425095918313872,-0.0034122630522202464
2024-07-12,-0.001268636475517185,-0.005097649480875966,0.0013704704219966897,0.0003206446684015163,0.0028145757911625323
2024-07-13,-0.007027610142271671,-0.0014536437281748372,0.003924659686941782,0.0064048908150904395,-0.003386530576820294
2024-07-14,-0.007305671218134534,0.005222891512112932,0.0006543193435453945,0.002267065354936393,0.00011314025132183176
2024-07-15,-0.013410444832991683,0.0002600033734944894,-0.0068661118040198935,-0.015328190942093875,-0.0017738847546380498
2024-07-16,-0.0030516968588473713,0.013079087050135755,0.0022208619180884943,-0.009876559668941107,-0.003081855216890549
2024-07-17,-0.0032330991953285044,0.014493126306344176,0.007372417539141592,-0.0018790474275156958,-0.00468564337365661
2024-07-18,0.025666375126912416,0.006697977883296423,-0.0007685697048955397,0.0036568399279166323,0.008563916877151488
2024-07-19,-0.009614720139926461,0.0038538025314457693,0.006444079216765412,-0.0026601925804112998,-0.00020794027873274426
2024-07-20,-0.010485056844305821,0.0025465954086220754,0.003726333230754874,-0.00700589169121203,-0.00047687786463523375
2024-07-21,0.021073792951713955,0.00335734563029763,0.0031663598376721874,-0.0027380110329081335,0.0024909443406078047
2024-07-22,0.005816689223566909,0.0010511206968245798,3.7963021437588625e-05,0.00497647288451986,-0.004930722907178719
2024-07-23,0.012094656777961543,0.002969476056577271,0.003255648886762198,0.005953853473339313,-0.001544242099720791
2024-07-24,-0.006851749872022419,-0.006240577807891487,0.007424656732224874,0.002545571242683673,0.0004012630489081752
2024-07-25,-0.001489912580673251,-0.012130382797798074,5.650974788652862e-05,0.004566127476608877,-0.005006106223495486
2024-07-26,0.014783363681559069,-0.002028579153880175,0.0031875634222916283,-0.0073918811604726485,-0.003805336274058541
2024-07-27,-0.006004601899752714,-0.0004639596106183943,-0.0022781500909679875,0.0045957253904856344,-0.003489915314985627
2024-07-28,0.01530570128847903,0.013145533169471346,-0.009278520326368365,-0.000152642903833196,0.0013118885180892694
2024-07-29,-0.009985990951347406,-0.004990440262423942,-0.0049975218386558,-3.493255784269144e-05,0.00048707996723877325
2024-07-30,-0.00560872493433347,0.0037259066336115094,0.0033236220054608467,-0.0118871250700407,0.0006393942898970479
2024-07-31,0.008960931482854524,-0.0023662619739072224,-0.0031802540112296994,0.01126477515403542,0.003354200499891022
2024-08-01,-0.018543382382503495,0.000900855607621529,-0.010196354531039504,-0.013797476199901848,0.004627253768334477
2024-08-02,-0.0005999097331465079,0.0033868657618828387,0.00447445217672566,0.0059611207825152265,0.0026912253869897564
2024-08-03,0.012979041018114616,0.002198527475080056,-0.0010857850564335505,0.013668354632716859,0.004079785617710301
2024-08-04,-0.012571799283879352,-0.0037414566872893463,0.0013374154291656796,-0.008790023427669637,0.005085707097637183
2024-08-05,0.0005726298269099036,0.008429638769514594,-0.00033781179068334257,-0.006084735423788466,-0.0004638931542461237
2024-08-06,-0.004826930770695475,-0.005833527946446949,0.0053909698165705055,0.013564914590686443,0.0011048016102231425
2024-08-07,-0.0021749614482648614,0.0004728164411130586,-0.002252830689348989,-0.0070650167250722665,0.005208548800043944
2024-08-08,0.0006797162375717798,-0.0005774709790434866,-0.009236793101223367,0.0010334024660155715,-0.0033411756953642658
2024-08-09,0.008737779015224618,0.0027256427859936425,0.00780458854867011,-0.004489081976670036,0.0037608342755412302
2024-08-10,-0.011921390511627841,-0.004288069135042194,0.0036335791519699566,-0.007919059838163732,0.0006738660107569426
2024-08-11,-0.011922432701518791,0.004915399405380739,0.0072954957082942305,-0.002703917409689422,0.0008829310429261401
2024-08-12,-0.011264376223703665,-0.001992544234409511,-0.000258228162574214,0.0010314653953924747,-0.0002825013541822652
2024-08-13,-0.021734226122584327,0.00013883453157563118,0.010096992334226021,0.010069958345704878,0.001714169124479876
2024-08-14,-0.009680505733209553,0.004998196438499314,-0.004928927431655918,0.004773483250218889,0.0026277696850043014
2024-08-15,0.002768289463020683,0.007376943577887113,0.007728641826156456,0.013197204804994304,-0.0037565115471801624
2024-08-16,0.019647639220209696,-0.0015434169325550904,0.00537882555804885,0.004421392443089092,-0.006950210052640186
2024-08-17,-0.015716293371147282,-0.008753503726309049,0.0060881682606979915,0.003084488877784545,0.0012005468393547314
2024-08-18,0.006593562208843246,-0.001339974568756716,-0.009246555182761074,0.008802208661028573,0.000455821868133195
2024-08-19,0.0005310691955090036,0.005201319752543578,0.0012123684729321578,0.000824410684885628,0.006935412930705044
2024-08-20,-0.019884838871902028,0.002266514944218012,-0.004042827129294272,0.0007947963840172668,0.006923311149723283
2024-08-21,0.01210578325265393,-0.0019455350599667392,0.009031252705856916,-0.009282201788120772,0.005633585859440283
2024-08-22,-0.00774627532744981,-0.003933427025083653,-0.0047103834605580095,-0.0022954446939319004,-0.003914740946512807
2024-08-23,0.0080575361171021,0.006079145246355433,0.001005045850695741,0.016110939335150898,-0.0014389163095891815
2024-08-24,-0.005250013074474205,0.010215413462777077,0.009994629227462276,0.010586446615130666,-0.0012113591948986954
2024-08-25,0.002512796506230963,0.0032233228551449577,0.003950410355872842,-0.005487831149552746,0.0010583360470115368
2024-08-26,0.010892158339227251,0.001384606260637861,-0.00861636257293986,0.002742439085694586,0.002125811187025218
2024-08-27,-0.027539741350772484,0.004495219782280106,-0.0022878760976543116,-0.014483413865479342,-0.007829115624658286
2024-08-28,-0.025167433876190245,0.003963621511545677,0.00082290191263299,-0.002728762342773189,0.0027429825843426747
2024-08-29,0.007480255310922339,-0.001757651672396033,0.008549074805837048,-0.001589514052353071,0.0011587292096339765
2024-08-30,-0.018231372468846575,0.0047006729121604396,-0.0021358920441757446,0.01256889499268351,0.0013709548977739582
2024-08-31,-0.0035978753393759895,0.010996302644175256,0.0023582904169833323,0.006391320191895128,0.004137635140773018
2024-09-01,-0.010205157191864312,-0.0009833583676707412,0.0033596439252828176,0.002024522221243285,0.001127916208748249
2024-09-02,0.016746431111043295,-0.001015501338978796,0.006323863649905888,-0.005250629327477606,-0.0004908123860242449
2024-09-03,0.003425412942834386,0.012245206201042766,0.0034254558012521007,-0.0015086947779211727,0.0033358275573351034
2024-09-04,0.00032059093046977555,0.002820570933319118,-0.006035703014645147,-0.005832863824969622,0.0010466804518868892
2024-09-05,-0.00899442950122349,-0.0035214450203945404,-0.003186561704604,4.663925076779767e-05,-0.003653608316621412
2024-09-06,-0.0035101644038558334,0.002432543958148232,0.0021639013795193805,0.007038526881686855,-0.0004807090393135081
2024-09-07,0.0034243102689505696,0.0007565788683402291,0.0020930621333849517,-0.0023062640202309087,0.0031936520707877944
2024-09-08,-0.010737230621332765,-0.0033550317677740423,-0.0022726728186419983,0.007181179224775688,-0.004995635760462364
2024-09-09,-0.00749625830797589,0.005217628672363278,0.002957337769748467,0.002650456891765104,-0.001872577115374554
2024-09-10,-0.02672009655731798,0.009312545413319981,0.0022668846285071385,-0.0005955693202810043,0.00216730409275328
2024-09-11,-0.001438173677483716,0.004005580311088756,-0.0054376325138052765,0.005810922080386145,-0.00045905757868761645
2024-09-12,-0.005382463855580312,0.00042620199374043935,-0.00693192016633415,0.004901232731887571,0.00493608634907708
2024-09-13,-0.007941065024835482,0.011891564624507084,0.00177879911423506,-0.008303761418694692,-0.0006605431353157776
2024-09-14,0.013007775175020156,0.0016106750557739183,-0.005394583200407084,0.006874912251396705,-0.0025698272956018145
2024-09-15,-0.00937582409236375,0.010101216266517414,-0.0041820731308075745,-0.008633445350746711,-0.0018145742270492425
2024-09-16,0.006037598800409411,0.007132666034549419,-0.0013187807589257136,0.013569347726026436,0.0010120512692347462
2024-09-17,0.019302432643235074,-0.002292261594962298,-0.0024587073598445054,0.004223280672230391,0.001418024556628382
2024-09-18,-0.0057242965281816905,-0.010841364449277031,-0.002728526023397577,0.006702332494690589,0.0017311159681468614
2024-09-19,0.016143846900104803,-0.005057773186105718,-0.00283181984781663,0.007052498698025533,-0.0039378871554306555
2024-09-20,-0.008527561040918633,0.010504361392920348,0.006300874241135727,0.0013194039669232908,-8.754323907992675e-05
2024-09-21,-0.03280790241636571,-0.00032364287216363777,0.004884970348773691,0.0005678482125049816,-0.003124536475989571
2024-09-22,-0.0029792959965892173,0.012063489866176454,-0.0032794878071374053,0.0025647507947252784,0.0017380541206747108
2024-09-23,0.020326753336040667,-0.0006260571535488257,-0.0035771186415870224,0.009019345587272081,0.0007729894894580536
2024-09-24,0.01865282911135092,0.0019413003514086476,-0.004133096788171643,0.005012576609703512,0.0004623175085405643
2024-09-25,0.003292681433946379,0.002405815810298738,-0.001094749046608067,0.016313848131771235,0.0014898960788810988
2024-09-26,0.015427963488137193,0.0047437422748906515,0.00398517565158221,0.012304515668944638,0.006052951238449095
2024-09-27,-0.004762023059998124,0.015547316878446656,0.0019692610305166946,-0.001021519001701317,-0.0023479615843785954
2024-09-28,-0.028285803375118296,0.012974897864994861,0.004061915550609258,-0.0004075145407024955,0.007466165292681441
2024-09-29,-0.008421052062872086,-0.010819028753352389,0.0009791877269410896,0.007105901806256386,-0.0008491483501694269
2024-09-30,-0.006472460330831628,0.005398725508741279,0.004829917332177645,0.005893404965468196,-0.0017069140017306808
2024-10-01,0.0041247342139634205,0.0006875321217110434,0.00891100016517469,-0.00012686267028214591,0.0020710852083664047
2024-10-02,0.003947017968034431,0.0063030636208488595,0.004396006312589424,0.013731626391372797,0.0003448115706538776
2024-10-03,-0.013173103560212167,0.015016568137998435,-0.007953144411540642,-0.0034771223762967308,0.00016452633836185667
2024-10-04,-0.013401613202418602,0.00694584173165498,0.002063567396073662,-0.0015362912422713672,-0.0014215503765240617
2024-10-05,0.00024846658697822224,0.009739035397600663,-0.0024271717236941117,0.008369942385560625,0.004168087922219542
2024-10-06,0.006490186681425603,-0.0019469898861394306,0.006187400379959878,-0.0008945698199117747,0.0029089174039454353
2024-10-07,0.0016333313413468033,0.003059505558548989,-0.0009989712831020598,-0.008453656464230276,-0.0010968680005325334
2024-10-08,0.02109955541384459,-0.0008906565650627062,0.004121288574735096,0.0012301778985976972,0.004837503542161159
2024-10-09,-0.020369088202020737,0.00843152384455803,0.004027949419629493,0.0057405023264992866,0.0049923887338436885
2024-10-10,-0.004660995073812685,0.00024725848981896017,-0.0019906146479255053,0.007321627722632139,0.007263204440899247
2024-10-11,-0.026204879023474622,-0.0013372385613244027,-0.0007898776555118831,-0.00032374614356787436,-0.0007785314431151963
2024-10-12,0.01675471056554927,0.009377216585196206,0.006996264859798935,0.013009386603486375,0.0020250001338118937
2024-10-13,0.006827253243929357,-0.008897351874232837,0.004181095668890589,-0.00692825695436803,0.0027518933856395026
2024-10-14,-0.009491578113536148,0.01585332495546647,-0.0006950343020496423,0.012312241956961916,0.0027760210940489666
2024-10-15,0.025134321389065063,0.004207529823268712,0.001174981191562261,0.01419857264396221,-0.004997470494351866
2024-10-16,-0.014415453029437406,-0.004214897704547773,-0.0032526374581819833,0.018056783990887015,-0.0011043699275192452
2024-10-17,-0.007125810313370906,0.004868180046249764,0.005831012364600351,-0.0027666577692149114,0.003107368527363031
2024-10-18,0.002234420760767393,0.00430747240258286,0.0036629490045962444,-0.0005132080720944305,0.0005429249755255881
2024-10-19,0.0092508933179998,0.007300423507647186,-0.005874760637057154,0.0022922862527862127,-0.0031692815871489644
2024-10-20,-0.0019568502268928318,0.004058705976335365,0.00730559558900576,0.019867913299063292,0.004975376055529728
2024-10-21,0.01608164947343718,-0.0035720004067858525,0.0008024150184551193,0.0031318073805913734,0.0037382677076178445
2024-10-22,-0.0005869504778593647,0.008499122053984657,-0.004671404251184382,0.019983182918768366,0.006898580987453958
2024-10-23,-0.015499336382957288,0.000378632053258886,0.004370046420572816,0.00807376777738643,0.001720353400205545
2024-10-24,-0.025024214116960725,0.008279011209145202,-0.00889140658530035,0.0018034618437247653,0.002698382896000387
2024-10-25,-0.030785371857520654,-0.0014262061460325506,-0.00308954001000516,0.007893002095160103,0.0019370532247960659
2024-10-26,0.0011704296804658197,0.007140482588074146,0.007646309189291649,0.0014712598793496744,0.006716021114000277
2024-10-27,0.00034778994053623336,0.003376445325875222,-0.002031544615481853,-0.0010901826221248877,0.006721913696009486
2024-10-28,-0.008890382692123921,0.007641148326964115,-0.003934552834427001,0.006473256938348336,0.00563751813275951
2024-10-29,0.0036618026109913374,0.006723778299424318,-0.0004646951943711739,-0.0029302328215706935,-0.007195745563756492
2024-10-30,0.00852769065606931,0.0065714963670105465,-0.008930017167687277,0.0033781104115742713,0.0022558058041233374
2024-10-31,-0.01435135087229072,-0.014996417432087787,0.0003176219408969402,-0.005139659051801959,-0.009138172579665748
2024-11-01,-0.007418591735312313,-0.001985108821473776,0.002619170232255059,-0.014797911604204675,-0.0001301078403016737
2024-11-02,-0.020793926884094135,0.00024701744452455127,-0.009467628663120587,-0.005925305148041971,0.0006719690663498723
2024-11-03,-0.026246444841177472,-0.006829102305416834,0.003650962596602393,0.004297626306202029,0.0035131382340551826
2024-11-04,-0.007489829373200631,-0.0007982299775492701,0.0010866545974446253,0.000773606555590949,-8.531416595665622e-05
2024-11-05,0.021022037696806717,-0.004273901367129102,-0.00577860202526695,-0.012180837632075584,0.0016709419788412654
2024-11-06,0.013074280184378567,0.0016042850241570494,-0.0026731991039517585,0.002915851153075627,0.003270978720337792
2024-11-07,0.00042996620404396727,0.004147485426473997,0.0019724070026531106,-0.0005476775363094064,0.0044851531085608335
2024-11-08,-0.005934315115963971,0.002474635742297428,0.003129218799819761,0.00896806747833006,-0.001165435724838507
2024-11-09,-0.010416307013323996,0.003127434692890177,0.0007682435097148129,-0.002298724364244203,-0.0014135435461407522
2024-11-10,-0.0001631073679835201,0.0008276657916255129,-0.00034668968516594006,0.009681744649356573,-0.007268621638265113
2024-11-11,-0.008447562459905104,0.009933184703609743,-0.0007799345886018886,-0.009759051469431014,0.0008847358997723477
2024-11-12,-0.013209564764204129,0.010130501691762939,0.00491231145392739,0.010450225435951947,0.0033263884620275824
2024-11-13,0.0017474588979752715,0.005152800115629853,0.0008971556767368586,0.006596042922697896,-0.001083131594618589
2024-11-14,0.016096459722946623,-0.005456580790859536,0.008648519621525538,0.00875382060912594,0.0008342960925138424
2024-11-15,0.0003077347106689501,0.0005963193579398906,-0.00172643993346769,0.00913874118695813,0.001348619873796451
2024-11-16,0.0017079010550736268,0.006381000742453992,0.005552220445193893,0.004373356180980925,0.005051392436705004
2024-11-17,0.0011527855863956947,0.001061616711754318,-0.0012416982268712076,-0.0022133031221921507,-0.006844056947371651
2024-11-18,0.01886214602574463,0.0008037016911833388,-0.004995627408490943,0.011719262088689257,0.0023108172046046468
2024-11-19,0.004932217509964526,-0.006302440349117157,-0.0017679542702468498,-0.0005954450287524046,-0.0037545656177444507
2024-11-20,-0.03393071657398824,-8.983973438290097e-05,0.0068818828492015,0.0026728601638413047,-0.006265452043880341
2024-11-21,0.01812487242512621,-0.001130932268583883,-0.005520839422005164,0.0030592221134857996,-0.002809829301544279
2024-11-22,0.00748928705398338,-0.0019996360941363085,0.004398693057012859,-0.0027098560774755135,0.0014617452607507116
2024-11-23,0.004321449547804443,0.006834020974213088,0.0024717742098639404,0.012174210206544625,-0.0035677663270841844
2024-11-24,-0.002692016305213634,-0.0009546126387803762,-0.0024810393197015612,0.004265981117801077,0.00025853966557618207
2024-11-25,-0.008546705074574687,-0.01152280619290178,-0.0008706942363579387,-0.0020172808157326305,0.007246808652749348
2024-11-26,0.0024259946634899734,0.004174407338526912,0.0012993741086003013,0.0057198528597394195,0.005697353033939419
2024-11-27,0.011763524731265018,-0.02414527800261329,0.0037835847503283775,-0.0010251250071896805,0.0035353945754416673
2024-11-28,-0.0017036143726529725,-0.002960903247695972,-0.004514215777857408,0.0005958511499233864,0.0013145811962655392
2024-11-29,-0.0037088961511356467,0.006327038397892617,0.006043956533924313,0.017055174905097763,-0.0004968649375731298
2024-11-30,-0.029889803789047913,-0.0034378146974976156,0.0008085535502539617,0.008492007783650809,-0.0014952014760133622
2024-12-01,-0.0015323349765101301,-0.0010807197131134348,0.008761772996352151,0.0015430037268972855,0.004098130083966991
2024-12-02,-0.011689824824486333,0.00702674367706612,0.006237729891075928,0.009330339021420183,0.004117538298766306
2024-12-03,-0.012526779389292102,-0.0036268040247075897,0.005382423575897607,0.0036110559918836383,-0.0004980475764080359
2024-12-04,-0.003013456098244551,0.0035503702106663235,0.001520768252005789,-0.00033919643347319765,-0.002934599308777186
2024-12-05,-0.012046193694822313,-0.002052846478318264,-0.0008905673613998263,-0.0005063811140533602,-0.003941161401585374
2024-12-06,-0.009128010173828244,0.004747456426855214,0.0023726294729958853,0.004865423769514431,-0.005574117286857378
2024-12-07,-0.0046954626099114365,-0.0011880127677855606,-0.0010031958800952284,-0.004296783468061145,0.0031690801341681743
2024-12-08,-0.010730236769797728,0.0019976087941140966,-0.004242406689862589,0.009717988256075855,0.0018257225337605341
2024-12-09,-0.016749684608395113,0.010241503576475885,0.0018460432737474163,0.010395466671694664,0.003089932468545326
2024-12-10,0.0018391448280812902,-0.002531742706162874,-8.7263056820586e-05,0.00567747593602827,-0.00011315601444697211
2024-12-11,0.0012794255522219945,-0.01003800458388225,0.0006453859393904058,0.023684991414243097,-0.0006498321561249756
2024-12-12,-0.029424569839812117,0.005567981074768601,2.1858201150842978e-05,0.010520036912759245,0.006145009754055203
2024-12-13,-0.003761396259243956,-0.0026647350616518617,-0.009648678286472352,0.005124110492779954,0.0021887513678287424
2024-12-14,-0.00691864535521839,-0.00836900970253474,0.0007599894964001151,-0.013497224977723337,-0.0006859859296284011
2024-12-15,0.005763424821674805,-0.00023285280202944383,0.005937425713929383,0.004232022987909535,0.004192868095132224
2024-12-16,0.001147636109116102,0.007339460048952016,-0.0025181629624942367,0.0067082875341533225,0.005415665916076703
2024-12-17,0.004509193075313196,0.002454857200348241,0.0055894250241365065,0.010170609900394633,0.003293882311331443
2024-12-18,-0.028633136199073983,-0.0032863409671466744,-0.004020806707053559,0.010594909630301306,-0.0021274174452172397
2024-12-19,-0.005098587656786876,0.00952524824469682,0.003914797294638791,-0.001616175165894261,0.00431111492616287
2024-12-20,0.008135927285502961,-0.0035080988902785313,-0.008482199602986714,0.007172120087401315,-0.0036235448072559247
2024-12-21,-0.013216822836849587,0.0024038051692117815,0.006196106760142745,-3.8370171277296986e-05,0.0051266975580584505
2024-12-22,0.03319000982423003,-0.0054173396076949015,-0.0021013338484478683,0.012094375419432883,0.006297986544244464
2024-12-23,0.0069634039171996565,0.0022525652000454223,-0.0015493419953360975,0.005656922323057499,0.001526923061676111
2024-12-24,-0.016225948002912622,-0.006504401896563786,0.002144572304442423,-0.012311260894646578,-0.0011870024193982665
2024-12-25,-0.01780526283685607,-0.0017989206107838788,0.0033177886568627572,0.01550538683961416,0.0001434398873157135
2024-12-26,0.025691595728185152,0.0025326427463976293,0.0009230245287220846,-0.006682962483630779,-0.0032704107828871176
2024-12-27,0.008925094630105124,-0.007138075555319018,-0.0010414969767989345,0.006987015260615224,0.0016597772996728877
2024-12-28,0.010271074201166778,0.00177574895098225,-0.0042176262855425665,0.003129260145822805,-0.004229068940101467
2024-12-29,0.004800160878460339,-0.008310829598963123,-0.002236504189700582,-0.000509760842286004,-0.0026026717183521577
2024-12-30,-0.05099445091367678,-0.014095726587359981,0.00046814873686329704,0.0006194029310482493,0.003170697980303504
2024-12-31,0.02155168448432569,0.0028384999738236623,-0.0042735467900583855,0.0017813552613953473,0.00044993571134450044
